name,display,type,module,max_size,comment,help,default_value,required,audited,reportable,importable,duplicate_merge,mass_update,enable_range_search,ext1,ext2,ext3,ext4
erp_id_c,,varchar,Accounts,24,,,,0,0,0,1,0,0,,,,,
erp_date_c,Transaction Date ,date,Accounts,,,,,0,0,1,1,0,0,,,,,
target_year_c,Target Year,int,Contacts,4,,,2014,0,0,0,1,0,0,,,,1,
item_price_c,Current Price,decimal,Contacts,6,,,,0,1,0,1,0,0,,2,,,
no_email_c,Do Not Email,bool,Contacts,,,,,0,0,0,1,0,0,,,,,
test_html_c,Test Html,html,Contacts,255,,,,0,1,0,1,0,0,,,,text,"<p>These are <strong>html</strong> lines:</p><ul><li>'one'</li><li>one & two</li><li>""three""</li></ul>"
